{
    "$schema": "https://schema.management.azure.com/schemas/2015-01-01/deploymentParameters.json#",
    "contentVersion": "1.0.0.0",
    "parameters": {
        "IotHubs_smartscale_iot_connectionString": {
            "value": null
        },
        "IotHubs_smartscale_iot_containerName": {
            "value": null
        },
        "vulnerabilityAssessments_Default_storageContainerPath": {
            "value": null
        },
        "IotHubs_smartscale_iot_name": {
            "value": null
        },
        "servers_smartscale_sqlserver_name": {
            "value": null
        },
        "storageAccounts_storagesmartscale_name": {
            "value": null
        }
    }
}